Id,Title,FullDescription,LocationRaw,LocationNormalized,Company,Category,SalaryRaw,SalaryNormalized,SourceName
12612830,Stress Engineer Glasgow,"Stress Engineer Glasgow Salary **** to **** We re currently looking for talented engineers to join our growing Glasgow team at a variety of levels. The roles are ideally suited to high calibre engineering graduates with any level of appropriate experience, so that we can give you the opportunity to use your technical skills to provide high quality input to our aerospace projects, spanning both aerostructures and aeroengines. In return, you can expect good career opportunities and the chance for advancement and personal and professional development, support while you gain Chartership and some opportunities to possibly travel or work in other offices, in or outside of the UK. The Requirements You will need to have a good engineering degree that includes structural analysis (such as aeronautical, mechanical, automotive, civil) with some experience in a professional engineering environment relevant to (but not limited to) the aerospace sector. You will need to demonstrate experience in at least one or more of the following areas: Structural/stress analysis Composite stress analysis (any industry) Linear and nonlinear finite element analysis Fatigue and damage tolerance Structural dynamics Thermal analysis Aerostructures experience You will also be expected to demonstrate the following qualities: A strong desire to progress quickly to a position of leadership Professional approach Strong communication skills, written and verbal Commercial awareness Team working, being comfortable working in international teams and self managing PLEASE NOTE SECURITY CLEARANCE IS REQUIRED FOR THIS ROLE Stress Engineer Glasgow Salary **** to ****","Glasgow, Scotland, Scotland",Glasgow,Gregory Martin International,Engineering Jobs,25000 - 35000/annum 25-35K,30000,cv-library.co.uk
12612844,Modelling and simulation analyst,"Mathematical Modeller / Simulation Analyst / Operational Analyst Basingstoke, Hampshire Up to ****K AAE pension contribution, private medical and dental The opportunity Our client is an independent consultancy firm which has an opportunity for a Data Analyst with 35 years experience. The role will require the successful candidate to demonstrate their ability to analyse a problem and arrive at a solution, with varying levels of data being available. Essential skills Thorough knowledge of Excel and proven ability to utilise this to create powerful decision support models Experience in Modelling and Simulation Techniques, Experience of techniques such as Discrete Event Simulation and/or SD modelling Mathematical/scientific background  minimum degree qualified Proven analytical and problem solving skills Self Starter Ability to develop solid working relationships In addition to formal qualifications and experience, the successful candidate will require excellent written and verbal communication skills, be energetic, enterprising and have a determination to succeed. They will be required to build solid working relationships, both internally with colleagues and, most importantly, externally with our clients. They must be comfortable working independently to deliver against challenging client demands. The offices are located in Basingstoke, Hampshire, but our client work for clients worldwide. The successful candidate must therefore be prepared to undertake work at client sites for short periods of time. Physics, Mathematics, Modelling, Simulation, Analytical, Operational Research, Mathematical Modelling Mathematical Modeller / Simulation Analyst / Operational Analyst Basingstoke, Hampshire ****K AAE pension contribution, private medical and dental","Hampshire, South East, South East",Hampshire,Gregory Martin International,Engineering Jobs,20000 - 40000/annum 20-40K,30000,cv-library.co.uk
12613049,Engineering Systems Analyst / Mathematical Modeller,"Engineering Systems Analyst / Mathematical Modeller. Our client is a highly successful and respected Consultancy providing specialist software development MISER, PIONEER, Maths, Mathematical, Optimisation, Risk Analysis, Asset Management, Water Industry, Access, Excel, VBA, SQL, Systems . Engineering Systems Analyst / Mathematical Modeller. Salary  ****K****K negotiable Location Dorking, Surrey","Surrey, South East, South East",Surrey,Gregory Martin International,Engineering Jobs,25000 - 30000/annum 25K-30K negotiable,27500,cv-library.co.uk
12613647,"Pioneer, Miser Engineering Systems Analyst","Pioneer, Miser  Engineering Systems Analyst Dorking  Surrey Salary ****K Located in Surrey, our client provides specialist software development Pioneer, Miser  Engineering Systems Analyst Dorking  Surrey Salary ****K","Surrey, South East, South East",Surrey,Gregory Martin International,Engineering Jobs,20000 - 30000/annum 20-30K,25000,cv-library.co.uk
14131336,Senior Subsea Pipeline Integrity Engineer,"A globally renowned engineering and training company in the Oil Develop and manage both internal and external inspection plans and plan remedial and preventative maintenance work Implement, apply and update pipeline databases and spreadsheets and assist operators with projects, including project management, assurance support and procedure reviews Handle consulting, problem solving, risk assessments and presentations Be responsible for technical representation offshore Prepare proposals and tenders for clients and write reports and specifications. You will offer analysis using various types of software such as MathCAD, ABAQUS, Olga or Orcaflex. You will also present the company s technical courses and handle project management and sales and customer relationship management. For this role, you must have a minimum of 10 years experience in subsea engineering, pipelines design or construction. Background in controls, corrosion, decommissioning or structures would be an advantage. A degree in Engineering, Aeronautics, Naval Architecture, Maths, or Physics, preferably with honours is essential for this role. A full clean driving license is also required. If you are a Subsea Engineering professional with excellent design/construction skills and exposure to the Oil & Gas/Subsea Engineering industry, we would love to hear from you. Send in your CV now","Aberdeen, Borders",UK,Indigo 21 Ltd,Engineering Jobs,50000 - 100000/annum,75000,cv-library.co.uk
14663196,RECRUITMENT CONSULTANT  INDUSTRIAL / COMMERCIAL / ENGINEERING / DRIV,"THIS IS A LIVE VACANCY NOT A GENERIC ADVERTISEMENT ) DO YOU WANT TO EARN UP TO ****K BASIC SALARY WITH UNCAPPED OTE, FOR A NATIONAL RECRUITER WHO ARE EXPANDING, RECRUITING AND CAN OFFER YOU JOB SECURITY ? ARE YOU AN EXPERIENCED RECRUITMENT CONSULTANT, SALES OR BUSINESS DEVELOPMENT EXECUTIVE? WHO WANTS INNOVATIVE TRAINING, GENUINE CAREER PROSPECTS WHERE ****5% OF THE MANAGEMENT TEAM ARE HOME GROWN, DYNAMIC WORKING ENVIRONMENT  BASED IN MANCHESTER(ONE OF THE TOP PERFORMING LOCATIONS IN THE UK) AND EXCELLENT EARNING POTENTIAL  UP TO 30% COMMISSION FOR ACHIEVERS Job details: Generating business for one of my clients **** specialist divisions across **** branches in the UK. Access to all the leading websites for candidate and job opportunities, over ****k annual investment why make the job harder? Full and comprehensive Administration and IT back up for every Consultant Working established bespoke database to generate opportunities with both existing and new clients. Inter division cross fertilisation, working closely with 8 professional divisions providing clients with the complete recruitment solution Corporate and HO support for national business/tenders and PSL s. Managing own desk to achieve daily, weekly and monthly targets. Person: Energy and desire to succeed, with a competitive streak that wants to beat the competition. Professional personal appearance with the ability to build sustainable business relationships. Positive mental attitude. Able to demonstrate working to and exceeding targets. Career focussed, good listening skills and a natural confidence. Naturally positive and looking for the opportunity to work for a national player who are committed to your success Recruitment experience or 2 years business to business sales experience required. Benefits: ****k  ****K basic  benefits Pension scheme. Uncapped OTE Innovative award winning training academy. Genuine career opportunities. Incentives, awards and excellent team building UK wide. IF YOU FEEL YOU HAVE THE ENERGY AND DRIVE TO SUCCEED IN A FAST PACED, DYNAMIC SALES ENVIRONMENT WITH REWARDS THEN CALL OR EMAIL FRO AN INFORMAL AND DISCREET DISCUSSION. PLEASE NOTE YOUR CV WILL NOT BE FORWARDED TO MY CLIENT WITHOUT YOUR WRITTEN AUTHORISATION. Code Blue Recruitment handle nearly **** LIVE VACANCIES, for all sectors and levels of the Recruitment industry across the whole of the UK . Positions include Junior and Trainee Consultants, Recruitment and Senior Recruitment Consultants, Team Leaders, Account Managers, Branch Managers, Sales Managers & Directors. Sectors covered include Professional Recruitment such as Finance, Accountancy & Banking, Legal & HR, Commercial markets such as Office Support, Industrial, Driving, Hospitality & Catering, the Public Sector including Medical, Care, Education, Technical markets such as I.T., Telecoms, Media, Construction, Engineering, Energy & Environment, and Pharmaceutical, as well as diverse areas such as Sales Recruitment, Search, and Supply Chain","MANCHESTER, Greater Manchester",Manchester,Code Blue Recruitment,HR & Recruitment Jobs,18000 - 26000/annum TO 26K BASIC + COMM + BENS,22000,cv-library.co.uk
14663197,RECRUITMENT CONSULTANT  CONSTRUCTION / TECHNICAL / TRADES LABOUR,"This is an exceptional opportunity to join a construction / technical agency that hasn t shrunk in the current market one bit Our client is seeking a nononsense and highly skilled Recruiter with at least a couple of years experience under their belt. They specialise in placing highcalibre candidates both in the UK and worldwide, within blue and white collar on both a temp and perm basis. You will have a genuine servicefocus but not definately not be afraid to pick up the phone and develop new business, acting on leads and referrals like any professional should. Your matching skills should be excellent and your CVInterviewPlacement ratios should be impressive. The incentives and benefits here are excellent with the real opportunity to earn an aboveaverage basic salary and competitive commission package: Basic to ****k  car allowan Bonus to 22.5%(OTE ****k) Car Alloowance . Additional quarterly and annual bonuses Sensible & Supportive atmosphere If you are looking to join a serious competitor in the marketplace who take a genuine interest in their people contact Donna Turner now, and please have your billing figures to hand Code Blue Recruitment handle nearly **** LIVE VACANCIES, for all sectors and levels of the Recruitment industry across the whole of the UK . Positions include Junior and Trainee Consultants, Recruitment and Senior Recruitment Consultants, Team Leaders, Account Managers, Branch Managers, Sales Managers & Directors. Sectors covered include Professional Recruitment such as Finance, Accountancy & Banking, Legal & HR, Commercial markets such as Office Support, Industrial, Driving, Hospitality & Catering, the Public Sector including Medical, Care, Education, Technical markets such as I.T., Telecoms, Media, Construction, Engineering, Energy & Environment, and Pharmaceutical, as well as diverse areas such as Sales Recruitment, Search, and Supply Chain","LEEDS, West Yorkshire",Leeds,Code Blue Recruitment,HR & Recruitment Jobs,18000 - 28000/annum 18 - 28K BASIC + COMM + BENS,23000,cv-library.co.uk
15395797,Subsea Cables Engineer,"A subsea engineering company is looking for an experienced Subsea Cable Engineer who will be responsible for providing all issues related to cables. They will need someone who has at least 1015 years of subsea cable engineering experience with significant experience within offshore oil and gas industries. The qualified candidate will be responsible for developing new modelling methods for FEA and CFD. You will also be providing technical leadership to all staff therefore you must be an expert in problem solving and risk assessments. You must also be proactive and must have strong interpersonal skills. You must be a Chartered Engineer or working towards it the qualification. The company offers an extremely competitive salary, health care plan, training, professional membership sponsorship, and relocation package","Aberdeen, UK",Aberdeen,Indigo 21 Ltd,Engineering Jobs,70000 - 100000/annum,85000,cv-library.co.uk
19047429,Trainee Mortgage Advisor  East Midlands,"Are you a successful, results driven person? Are you looking to start a career in Financial Services? Are you looking for a fast paced, dynamic working environment? Our Client is proud to be an independent estate agent with an unbeatable local knowledge and reputation for excellent service. They have a mortgage advisor within each of their branches to accommodate their customer s needs. As a Trainee Mortgage Advisor, you will work closely with your team to learn and develop whilst achieving shared goals. In addition to this; You will have the determination to succeed in the Financial Services market. You will be capable of working effectively under pressure and in a target orientated environment. You will have the ability to successfully achieve your CeMap qualifications. You will be able to evaluate business at every opportunity. The company will offer a fantastic training programme as well as full funding for CeMap qualifications all within a supportive, team working environment. Once fully qualified, achievable progression thresholds are put in place with excellent earning potential. With a track record of successful sales abilities, preferably within an Estate Agency setting, suitable candidates will have: A drive and enthusiasm to work within the Financial Services market The ability to qualify applicants to advise on their purchasing abilities Excellent communication skills A professional and friendly approach Refined numerate abilities and an attention to detail A driving licence/own car Excellent computing skills You must be a self motivated, driven individual with the ability to be proactive with your own learning and development. You will have the ability to work successfully within a team whilst managing your own, individual work load. Organisational skills and a will to succeed are also a must. Belper, Ilkeston, Eastwood, Derby, Leicester, Mansfield, Melbourne, Ripley",East Midlands,East Midlands,Brite Recruitment,Accounting & Finance Jobs,17000 - 25000/annum 17k - 20k OTE 25k,21000,cv-library.co.uk
20199757,"PROJECT ENGINEER, PHARMACEUTICAL","PROJECT ENGINEER PHAMACEUTICAL, c****  Excellent Benefits, Oxfordshire ****/****/mg PROJECT ENGINEER : JOB ROLE: Responsible for execution of Continuous improvement and compliance projects. Responsible too for subprojects related to introduction of new products and processes in order to meet strategic business plans.The position is jointly responsible fo reporting of designated capital and expenses (actual Vs. Plan) associated with implementation of new process equipment or modifications to Existing process equipment. PROJECT ENGINEER: KEY RESPONSIBILITIES: Manage project tasks & deliverables within agreed time, cost, quality Responsbile for process equipment validation, material validation, remediation activity Maintain effectiveness of Quality System in accordance with corporate requirements Effective liaison with Engineering functions, external suppliers and regulatory bodies PROJECT ENGINEER: SKILLS, EXPERIENCE, QUALIFICATION: Proven problem solving skills to quickly implement process improvements Understanding of technical drawings, dealing with suppliers and subcontractors Experience of Project Engineering/Project Management within regulated manufacturing Working knowledge of quality/regulatory systems BSc/HNC with related experience","Witney, Oxfordshire",Witney,MatchBox Recruiting Ltd,Healthcare & Nursing Jobs,35000 - 40000/annum c40000 + Excellent Benefits,37500,cv-library.co.uk
20638787,Principal Composite Stress Engineer,"Aerospace Senior Composite Structures Engineer Aerospace, Bristol Our client is a progressive and rapidly expanding organisation, providing high end technical and project management services to the prime aerospace sector. As the Senior Composite Structures Engineer for the aerostructures team you will be involved in some of the most challenging and exciting aerospace projects in the world. You will be expected to take full ownership of technical tasks, and to lead others in their execution. This position is ideally suited to high calibre engineering graduate with significant and appropriate post graduate experience. You will need to demonstrate a desire to be challenged and to contribute towards the success and growth of the business. In return our client offers excellent career development and a competitive reward package. The Senior Composite Structures Engineer should be qualified to degree level or above in engineering and be a recognised expert in the analysis of lightweight Composite structures. You should also have experience of leading teams to deliver effective technical solutions to time, quality and cost objectives. Aerospace industry experience would be advantageous covering aerostructures and/or aero engines. A demonstrable track record in one or more of the following technical disciplines is also required: Fatigue and damage tolerance analysis of composite laminates Static stress analysis of composite structures, including bolted and bonded joints and buckling analysis Finite element analysis of composite laminates and sandwich structures Some work outside normal office hours and national/international travel may be required. Keywords Aerospace, Composites, Structures Aerospace Senior Composite Structures Engineer Aerospace, Bristol Salary ****K****K  benefits package","Avon, South West",Avon,Gregory Martin International,Other/General Jobs,40000 - 50000/annum 40K-50K,45000,cv-library.co.uk
20638788,Senior Fatigue Damage Tolerance Engineer,"Senior Fatigue Static stress (metallic or composite) Finite element analysis. Senior Fatigue Aerospace Salary: **** to **** (dep on exp)  benefits package Located: Bristol, Avon, South West","Avon, South West",Avon,Gregory Martin International,Other/General Jobs,35000 - 45000/annum 35K-45K,40000,cv-library.co.uk
20797143,Chef de Partie  Award Winning Restaurant  Excellent Tips,"A well respected restaurant located in the Derby area has a Chef de Partie role available Role: A Chef de Partie who is passionate about working with all fresh produce to a high standard is required to join the brigade of chefs at an award winning restaurant.The restaurant serves **** covers at lunch with a set menu and up to **** covers in the evening for the a la carte menu, as Chef de Partie you will be expected to run a section once fully trained keeping your work space clean and tidy at all times. Requirements: All Chef de Parties applying for this role should already have fresh food experience at this level with the ability to manage a busy section.This role can offer the right candidate excellent opportunities to progress within the team. Benefits Include: Uniform Provided Meals on Duty Excellent Tips – Paid Monthly Excellent Opportunities To Progress If you are interested in this position or would like information on the other positions we are recruiting for or any temporary assignments please send your CV by clicking on the 'apply now' button below and our consultant Tony Papa will do his utmost to assist you in your search for employment. In line with the requirements of the Asylum Immigration Act **** all applicants must be eligible to live and work in the UK. Documented evidence of the eligibility will be required from candidates as part of the recruitment process. This job was originally posted as www.caterer.com/JobSeeking/ChefdePartieAwardWinningRestaurantExcellentTips_job****",Derby Derbyshire East Midlands,Derby,Chef Results,Hospitality & Catering Jobs,"Upto 16,000 per annum + Tips (IRO 3K Per Annum)",16000,caterer.com
22579462,Quality Engineer,"Our client are a leading supplier of precision machined, high integrity components, integrated kits of parts and complete mechanical assemblies. Due to an large increase in workload they are recruiting a Quality Engineer Reporting to the Quality Manager, the successful individual will be responsible for providing documentation to fulfil our customers quality assurance requirements on specific contracts, whilst maintaining a system of storage and retrieval for documentation. The role will also support the internal audit schedule, performing audits as required. Responsibilities include: Documentation Checking all vendor supplied documentation to ensure it complies with the requirements or Express s customer specifications. Produce accurate, legible documentation packs, in accordance with customer requirements. Quality Systems Maintain system of storage and retrieval of all associated QA documentation in accordance with ISO9001:**** Certification Ensure certificates of conformance are checked, in accordance with the C of C matrix and any applicable concessions are referenced Material Certification Verify and approve certification on receipt for conformance to customer requirements and resolve discrepancies with suppliers Non conformance Raise and submit supplier reject reports and concessions. Store all responses received in relevant databases. Internal Auditing Carry out internal audits as and when required in line with the internal audit schedule. Identify and report all nonconformances within Quality Management System, and assist in corrective actions to close them out Supplier Rejects Ensure corrective action is received for supplier rejects submitted to key suppliers The Individual: Has experience within the quality department of a related company in a similar role Ideally from a mechanical or manufacturing engineering background. Ideally be familiar with the range of processes involved in the markets of Oil Must have good communication and organisational skills Has the ability to work as part of a team or as an individual. Has the ability to be customer facing and discuss technical / quality issues with vendors and customers","Gateshead, Tyne and Wear",Gateshead,Asset Appointments,Engineering Jobs,22000/annum,22000,cv-library.co.uk
22581547,Principal Controls Engineer,"A leading Subsea Engineering Company require a driven and highlyskilled Principal Controls Engineer who will provide technical work on all of the company s controlsrelated concerns and in charge of generating interest from potential clients. As a Principal Controls Engineer, you will be in charge of organising and ensuring engineering calculations, do reports, review designs, give technical assistance to all problems related to cable engineering and come up with methods for cable modelling. The successful candidate will have at least 15 years of Subsea Controls Engineering experience in the Oil and Gas industry. Preferably, you must have a degree in Engineering and a background in Subsea design, construction, installation, operation, or decommissioning and have covered almost all related Subsea Production Systems. This is a brilliant role which includes a very competitive salary package with flexible work hours to the most qualified candidates","Kent, South East",Kent,Indigo 21 Ltd,Engineering Jobs,70000 - 100000/annum,85000,cv-library.co.uk
22933091,Chef de Partie  Award Winning Dining  Live In  Share of Tips,A popular hotel located in Norfolk which is a very busy operation has a position available for a Chef de Partie Role: A Chef de Partie capable of coping well under pressure is required to join the kitchen team at a hotel that has an excellent reputation for offering high quality dining to its guests and has gained accreditations in the main restaurant.The busy Brasserie style restaurant regularly serves **** covers for lunch and dinner so this Chef de Partie role will require you to be organised on your section ensuring all prep is complete to the standards expected by the Head Chef before each service. Requirements: All Chef de Parties applying for this role must have a strong background with highlights previous AA Rosette experience in a high volume operation.A candidate who is self motivated and capable of working well in a busy team of chefs would be ideal for this role. Benefits Include: Uniform Provided Meals on Duty Accommodation Available Share of Tips – IRO **** Per Month Excellent Opportunities To Progress If you are interested in this position or would like information on the other positions we are recruiting for or any temporary assignments please send your CV by clicking on the 'apply now' button below and our consultant Sean Bosley will do his utmost to assist you in your search for employment. In line with the requirements of the Asylum Immigration Act **** all applicants must be eligible to live and work in the UK. Documented evidence of the eligibility will be required from candidates as part of the recruitment process. This job was originally posted as www.caterer.com/JobSeeking/ChefdePartieAwardWinningDiningLiveInShareofTips_job****,Norfolk East Anglia,UK,Chef Results,Hospitality & Catering Jobs,"18,000 per annum + Tips (IRO 120 Per Month)",18000,caterer.com
23528672,Senior Fatigue and Damage Tolerance Engineer,"Senior Fatigue Static stress (metallic or composite) Finite element analysis. Senior Fatigue Aerospace  ****K****K (dep on exp)  benefits package Bristol, Avon","Avon, South West",Avon,Gregory Martin International,Engineering Jobs,34000 - 45000/annum to 45K,39500,cv-library.co.uk
23529949,C I Design Engineer,"We are currently recruiting on behalf of our client who have an exciting opportunity available for a CE Produce CE Control Panel designs  Genera Arrangements, Detail drawings, Schematics Diagrams, Interlock Diagrams for typically PLC Specification of hardware and production of parts list. Manufacturing specification. Ensure Company policies and procedures are being applied across the projects. Manage the interface between CE Communicate at all levels with both internal and external customers to meet their expectations while meeting the project budget and programme constraints. Support the Lead Engineer in the delivery of scope to budget and programme. Provide technical expertise to tenders as and when required. Provide input to the development of the CE&l function and resource","Wolverhampton, West Midlands",Wolverhampton,Rullion Engineering Ltd,Engineering Jobs,33000 - 34000/annum + benefits,33500,cv-library.co.uk
23530231,Lead Engineers (Stress),"Lead Engineers (Stress) Our client provide high end technical and project management services to the prime aerospace companies. Our client are now seeking a Aerospace Senior Stress Engineers to join their growing Aerospace structures teams in Bristol This position of Aerospace Stress Engineer is ideally suited to high calibre engineering graduates with significant and appropriate post graduate experience. You will be expected to take full ownership of technical tasks and to lead others in their execution. Candidates will ideally be degree qualified (min ****:****) or equivalent, and have experience of the technical leadership of projects to time, quality and cost objectives. Aerospace industry experience is an advantage however the calibre of the applicant is more important therefore applicants with Structural Analysis experience from any domain are welcomed. A demonstrable track record in one or more of the following technical disciplines: Fatigue and damage tolerance Static stress analysis (metallic or composite) Finite element analysis. Candidates must also be able to demonstrate: Technical awareness in the field of aerospace structures Effective client management and communication skills Project team leadership Commercial awareness Adaptability Innovative thinking You will need to show a willingness to work outside normal office hours on occasions and flexibility for working from the office, home and clients premises. Ideally you will also: Be pursuing Chartership through the IMechE or RAeS Lead Engineers (Stress) Location: Bristol Salary **** to ****","Bristol, Avon, South West, Avon",UK,Gregory Martin International,Engineering Jobs,34000 - 45000/annum,39500,cv-library.co.uk
24104334,"Relief Chef de Partie  Croydon, Surrey  Live in"," HOTEL AND CONFERENCE VENUE CHAIN  RELIEF CHEF DE PARTIE  SURREY  1 WEEK ASSIGNMENT  **** STAR  IMMEDIATE START  Our client on this assignment is a **** star property, part of a hotel and conference venue chain. Based in Croydon, Surrey; they are looking for a Relief Chef de Partie to assist them initially for a period of 1 week, but with a view to this being extended as the week progresses. This is a VERY busy operation, catering for C B and lunches of up to **** covers, and dinner for up to **** covers. The successful Relief Chef de Partie must be used to catering from fresh in high volume, and will be working in a team of 11 chefs. Accommodation is available on this assignment for those of you who do not live in the local area, but for those of you who do live close by, it may also be more suited to someone with their own transport as it is not walking distance to any public transport links. To apply for this position or for further information, please forward a copy of your CV to us quoting job reference TW/256 on all correspondence. Contact details: enquiriestowngatepersonnel.co.uk www.towngatepersonnel.co.uk   We value all applications, however due to the volume of response we are currently receiving, we are only able to contact candidates whose skills and experience closely match the requirements of our clients. In line with the requirements of the Asylum and Immigration Act **** all applicants must be eligible to live and work in the UK . As part of the recruitment process, you will be asked to provide documented evidence of eligibility. In line with the requirements of the Employment Agencies Act **** Towngate Personnel are prohibited from charging workseekers for work finding services. This job was originally posted as www.caterer.com/JobSeeking/ReliefChefdePartieCroydonSurreyLivein_job****",South Croydon Surrey South East,UK,Towngate Personnel,Hospitality & Catering Jobs,Upto 9 per hour,17280,caterer.com
24835524,Senior Control and Instrumentation Engineer,"Senior Control and Instrumentation Engineer . Reading, Berkshire. experienced C Senior Control and Instrumentation Engineer. Essential  Degree (or equivalent) in Electrical, Electronic or Control and Instrumentation Engineering or other relevant discipline. Chartered Engineer. Able to demonstrate sound technical experience. A sufficient and appropriate level of building services and controls experience gained within a client organisation, engineering consultancy or equipment supplier. Project management, including controls, planning and estimating and preparation of deliverable/work package. Desirable Working within a multidiscipline engineering team and having a general appreciation of other disciplines constraints and requirements. Nuclear safety case issues and NII site licence conditions. Building management systems. Fire detection and alarms. Telecoms. UPS. Experience of the nuclear industry. Experience of IEE Wiring Regulations 17th edition BS**** Experience of transmission (****kV) electrical plant and configuration design. Experience of distribution (up to ****kV) electrical plant and configuration design. Experience of protection and control design at Transmission and Distribution voltages. The Individual A confident and professional manner. Excellent communication skills. Ability to use initiative and demonstrate creativity. Self motivated and committed to further study. Ability to work within a team. Responsibilities Senior Controls and Instrumentation Engineer  Responsible for managing the control and instrumentation, and potentially electrical, design aspects of substation refurbishment/rekit projects and leading electrical/control aspects of major infrastructure projects from system studies and investment appraisals through to detailed design Act as Project Manager on design projects or on electrical, control and instrumentation aspects of multidisciplinary utilities infrastructure design projects. Mentoring and technical development of a team of junior engineers. Lead on the production of major bids. Cost and time control and reporting. Liaison with clients, suppliers and contractors. Specification, selection and justification of relevant equipment. Generation of Front End Engineering Design packages. Relevant equipment assessment and justification reports. Production of Commissioning Procedures. Production of Technical Specifications. Control Panel/Room Layout Reliability Assessment and C Reading, Berkshire","Berkshire, South East",Berkshire,Gregory Martin International,Engineering Jobs,36000 - 47000/annum 36K-47K,41500,cv-library.co.uk
24835548,Control and Instrumentation Engineer,"Control and Instrumentation Engineer / C Reading. Our client is seeking applications from experienced C Control and Instrumentation Engineer / C Degree (or equivalent) in Electrical, Electronic or Control and Instrumentation Engineering or other relevant discipline. Chartered Engineer. Able to demonstrate sound technical experience. A sufficient and appropriate level of building services and controls experience gained within a client organisation, engineering consultancy or equipment supplier. Project management, including controls, planning and estimating and preparation of deliverable/work package. Desirable Working within a multidiscipline engineering team and having a general appreciation of other disciplines constraints and requirements. Nuclear safety case issues and NII site licence conditions. Building management systems. Fire detection and alarms. Telecoms. UPS. Experience of the nuclear industry. Experience of IEE Wiring Regulations 17th edition BS**** Experience of transmission (****kV) electrical plant and configuration design. Experience of distribution (up to ****kV) electrical plant and configuration design. Experience of protection and control design at Transmission and Distribution voltages. The Individual Control and Instrumentation Engineer  A confident and professional manner. Excellent communication skills. Ability to use initiative and demonstrate creativity. Self motivated and committed to further study. Ability to work within a team. Responsibilities  Responsible for providing technical input into the control and instrumentation, and potentially electrical, design aspects of substation refurbishment/rekit projects and leading electrical/control aspects of major infrastructure projects from system studies and investment appraisals through to detailed design. Liaison with clients, suppliers and contractors. Provide technical input into the specification, selection and justification of relevant equipment. Generation of Front End Engineering Design packages. Provide technical input into the relevant equipment assessment and justification reports. Production of Commissioning Procedures. Production of Technical Specifications. Control and Instrumentation Engineer / C Location Reading, Berkshire","Berkshire, South East",Berkshire,Gregory Martin International,Engineering Jobs,28000 - 35000/annum 28K-35K,31500,cv-library.co.uk
24854800,Electrical / ICA Engineer,"Electrical / ICA Engineer Industry: Environment / Environmental Restoration, Water / Watershed Management We are currently looking for an ambitious Electrical / ICA Engineer with a broadranging background in the Water industry to join our team in Epsom. This role offers a chance for an ambitious engineer to join a busy team delivering work to a variety of clients including Southern Water, Thames Water. Projects include feasibility and outline design for Southern Water as part of our Centres of Excellence framework and also the opportunity to start work on our PR**** business planning opportunities for clients including Southern Water and Thames Water. In addition to this there are a variety of opportunities to work on international projects, based in the UK, but with potential for travel abroad to the Middle East, as an example. Work is also increasing in noncore sectors such as nuclear and oil & gas and there may be opportunities to work on projects within these sectors Requirements The appointed engineer must have a degree in a relevant discipline such as Electrical Engineering. Ideally applicants will be Chartered with the IET or alternative appropriate body, however we will consider candidates who are close to achieving chartership via the most appropriate route. The individual will be able to provide evidence of an ongoing programme of CPD. The individual candidate will be computer literate and able to work effectively work with the basic Microsoft suit of programmes as a minimum. Candidates must have extensive outline and detailed design experience within the Water/Wastewater Industry sector including areas such as potable water production and distribution, waste water treatment and sludge treatment and pumping systems. While we are ideally looking for a candidate with both electrical and ICA experience we are willing to consider candidates with only electrical experience. In addition, some or all of the following would be expected: experience of designing and working with LV electrical equipment (in addition HV experience is desirable), experience of working with WIMES specifications, candidates must be able to demonstrate design experience of: LV electrical design, including MCCs, distribution boards, cable systems etc, HV systems including transformers, RMU, circuit breakers, cable selection and sizing, protection coordination and grading, PLC and SCADA systems design and specification, field bus networks, building services, liaising with utility providers, concepts and requirements of DSEAR/ATEX compliance Responsibilities The role of a Electrical/ICA Engineer within the MEP business will require the individual to undertake the following duties: Project management of small and medium projects and sub projects on larger contracts, Control of budgets and project programmes under the supervision of a principal engineer, Feasibility, outline and detailed electrical and C&I design work, Electrical switchgear panel/MCC specification and design, Control and instrumentation systems functional specification and design, Understanding, interpreting and responding to the needs of other engineering disciplines such as mechanical, process and civil, Production of electrical, control and instrumentation design documentation Personal Qualities Excellent interpersonal, verbal and written communication skills. Electrical / ICA Engineer Location: Epsom, Surrey Salary: **** to **** Industry: Environment / Environmental Restoration, Water / Watershed Management","Surrey, South East",Surrey,Gregory Martin International,Engineering Jobs,"28000 - 37000/annum 28,000 to 37,000",32500,cv-library.co.uk
25337172,Pastry Chef for **** red star **** rosette hotel  ****,"Pastry Chef for **** red star **** rosette hotel  **** Beautiful Victorian Country House Hotel awarded **** red stars and **** rosettes is looking for a pastry chef who is technically proficient, yet still values the art of cooking wholesome meals. As pastry chef you will be working in a brigade of around **** chefs, with complete control over the pastry section, having the ability to cook your own desserts for a restaurant that is the top 50 in the UK. If you have rosette experience, but feel that your talent is not being utilised enough, maybe this is the perfect job for you. You don't necessarily need to be at **** rosette level, but the aspiration and ability to learn is paramount  this is a well sought after position, and only the best will be considered. Set in acres of gorgeous lawn, with an acclaimed Head Chef that runs a very neat kitchen with an amazing crew, this Hotel is offering an opportunity that should not be missed. If you work to a very high standard and take real pride in your culinary skills then you could be perfect for the job. You must be the kind to pour your heart and soul into the cooking of some of the finest food around. Doing so is made easy with the fact that there is live in available for just **** per month In this fiery and passionate trade, talented pastry chefs are valued highly. As such the salary is very competitive, but more appealing is the job itself. If you really have what it takes and want to aspire to bigger and better things, and really put your mark on a kitchen that has **** red stars and **** rosette acclaim, then email to apply. Ref ****CW Consultant Chris Wilson  / **** **** Want a quick job search without the hassle of registering then paste www.clearselection.co.uk/search.php to your web browser and enjoy the experience. We are always busy and are constantly receiving new instructions from a number of different client's nationwide, which makes it good for candidates and us. In the majority of cases we have visited the client's establishment and even spent work days with them and have a very enviable reputation for finding the best for the best. If you desire a professional, honest and calm approach with the reassurance that your application will be treated confidentially if requested, we look forward to working on your behalf. Our Consultants love their jobs and its always worth trying to contact them on their mobiles in the evenings or at weekends, if you are to busy during the day. Remember if they do not contact you within **** hours, unfortunately you have not been successful in your application for this position. Clear Selection Recruitment is part of the Clear Selection Group Est. **** This job was originally posted as www.caterer.com/JobSeeking/PastryCheffor****redstar****rosettehotel****_job****",North East,North East England,Clear Selection,Hospitality & Catering Jobs,24000 per annum,24000,caterer.com
25434785,Senior Process Engineer,"Senior Process Engineer We are seeking applications from highly experienced Process Engineers to join our clients multidiscipline design team working on a number of exciting major projects. We are principally looking for first class engineers who have the capacity to learn and develop their skills for the nuclear industry. Our client provides a comprehensive training programme as part of its staff development, so a lack of previous industry experience need not be a barrier to high calibre candidates. This role is based at our clients offices in Reading, though work is likely to involve periods of time within the bounds of their clients premises some travel will be required. Responsibilities Responsible for managing the process engineering design / design assessment aspects for a major nuclear facility Mentoring and technical development of junior process engineers Lead on the production of major bids Cost and time control and reporting. Liaison with clients, suppliers and contractors Specification, selection and justification of Process / Process Services equipment. Generation of Front End Engineering Design packages. Process Design Substantiation, Assessment and Justification reports (DSRs, DARs and DJRs). Requirements Successful candidates will be required to undergo a security vetting process and offers of employment will be subject to relevant security clearance being granted. Essential Degree in chemical engineering or other relevant discipline. Chartered Engineer Able to demonstrate sound technical experience A sufficient and appropriate level of process design experience gained within a site operator, engineering consultancy or equipment supplier Project management, including controls, planning and estimating and preparation of deliverable/work package Desirable Experience of the nuclear, pharmaceutical, oil and gas or other highly regulated industry Experience of safety case production / design substantiation Management of contractors / specialist equipment suppliers Working within a multidiscipline engineering team and having a general appreciation of other disciplines constraints and requirements Nuclear safety case issues and NII site licence conditions Senior Process Engineer Location: Reading, Berkshire Industry: Defence security clearance is required Salary: **** to ****","Berkshire, South East",Berkshire,Gregory Martin International,Engineering Jobs,36000 - 47000/annum 36-47K,41500,cv-library.co.uk
25452606,CHEF DE PARTIE POSITION IN **** ROSETTE HOTEL NYORKS  ****k,"CHEF DE PARTIE POSITION IN **** ROSETTE HOTEL N.YORKS  ****k  LIVE IN Our client is a stunning Hotel located in North Yorkshire. Serving authentic Modern British and French Cuisine in elegant surrounds, they enjoy a superb reputation in the area. This is a well organised and structured kitchen that has a stable brigade of **** who all work together to produce fantastic food using fresh local produce. Candidates will need good all round knowledge of the kitchen, be motivated and ambitious and have genuine love of food and cooking. Vacancy Details Chef de Partie Award winning operation Brigade of **** British and French food Fresh local produce Strong Head Chef A strong **** rosette operation If you are interested in this Chef de Partie vacancy then be quick as it does have an end date to the application. My details as below if you wish for more information: Consultant: Chris Wilson Ref: ****CW  / **** **** Want a quick job search without the hassle of registering then paste www.clearselection.co.uk/search.php to your web browser and enjoy the experience. We are always busy and are constantly receiving new instructions from a number of different client's nationwide, which makes it good for candidates and us. In the majority of cases we have visited the client's establishment and even spent work days with them and have a very enviable reputation for finding the best for the best. If you desire a professional, honest and calm approach with the reassurance that your application will be treated confidentially if requested, we look forward to working on your behalf. Our Consultants love their jobs and its always worth trying to contact them on their mobiles in the evenings or at weekends, if you are to busy during the day. Remember if they do not contact you within **** hours, unfortunately you have not been successful in your application for this position. Clear Selection Recruitment is part of the Clear Selection Group Est. **** This job was originally posted as www.caterer.com/JobSeeking/CHEFDEPARTIEPOSITIONIN****ROSETTEHOTELNYORKS****k_job****",North Yorkshire Yorkshire,North Yorkshire,Clear Selection,Hospitality & Catering Jobs,16000 per annum + Live In,16000,caterer.com
25452680,"Senior Sous Chef for **** rosette kitchen, up to ****","Senior Sous Chef for **** rosette kitchen, up to ****6000 My client has a very well maintained kitchen, awarded ****AA rosettes serving fine food with a classical style using modern techniques in a **** red star hotel. The Head Chef is a very talented individual who runs a tight ship that needs another leader to join the ranks. As Senior Sous you would need to have the ability to deputise in the Head Chefs absence and ensure the quality of the kitchen does not falter. For this you would ideally have a background in ****AA rosette cooking, or be a very strong and talented chef with 2AA rosette experience. There is a live in opportunity available for very little cost, meaning no matter where you are in the UK there is nothing stopping you from making that next step in your career and working somewhere nationally recognised and acclaimed. In the top 50 Hotels in the UK, this Senior Sous Chef position is a real responsibility, so I am only looking for the strongest of candidates with a natural leadership, but still happy to take orders and learn from a senior chef. If you are serious about your food, love classical British menus with a modern twist and have what it takes to work alongside the best, creating the best then email to apply and get that job you've dreamt of for so long. Ref ****CW Consultant Chris Wilson  / **** **** Want a quick job search without the hassle of registering then paste www.clearselection.co.uk/search.php to your web browser and enjoy the experience. We are always busy and are constantly receiving new instructions from a number of different client's nationwide, which makes it good for candidates and us. In the majority of cases we have visited the client's establishment and even spent work days with them and have a very enviable reputation for finding the best for the best. If you desire a professional, honest and calm approach with the reassurance that your application will be treated confidentially if requested, we look forward to working on your behalf. Our Consultants love their jobs and its always worth trying to contact them on their mobiles in the evenings or at weekends, if you are to busy during the day. Remember if they do not contact you within **** hours, unfortunately you have not been successful in your application for this position. Clear Selection Recruitment is part of the Clear Selection Group Est. **** This job was originally posted as www.caterer.com/JobSeeking/SeniorSousCheffor****rosettekitchenupto****_job****",North East,North East England,Clear Selection,Hospitality & Catering Jobs,26000 per annum,26000,caterer.com
25556432,"General Manager  Funky, Cool Restaurant Concept  London  ****k ","Senior General Manager – Funky, Cool, Casual Restaurant Concept  Flagship Site We're looking for a General Manager who wants to run large sites for a great company and make a name for themselves. The Client Their mission is to be different; serving great honest tasty food by cool laidback people in individually designed restaurants. The company has huge expansion plans in place and needs great General Managers. You are able to express yourself and bring your personality. The Role As a General Manager you will be involved with all aspects of running these restaurants; from financials to training and driving sales. The company loves new ideas and input from its Managers as the company is continuing to evolve. We need General Managers who are fun, who love people and can make the rest of their team and customers happy. Essential Skills Experience required for a General Manager •We're looking for General Managers with 1 years experience managing their own site. •You must be great with your people and able to connect with your customers •Passion and drive with a focus on customer service Rewards – General Manager •Great Salary up to ****k  Bonus •Great training and opportunities – Lots of new openings •Great company, exciting time, amazing people Please send your CV to Rory at rorybeerec.com or call on **** Due to the high number of applicants we receive sadly we cannot reply to everyone, therefore if you do not hear back from us within 5 days please assume you have been unsuccessful this time Candidate Information, General Manager All candidates must provide proof of identity and eligibility to work in the UK along with and relevant supporting qualifications. Bee Recruitment is an equal opportunities employer, a recruitment agency dedicated to recruitment in the hospitality industry. This job was originally posted as www.caterer.com/JobSeeking/GeneralManagerFunkyCoolRestaurantConceptLondon****k_job****",West London London South East,East Sheen,Bee Recruitment London Ltd,Hospitality & Catering Jobs,"From 28,000 to 35,000 per annum",31500,caterer.com
25892031,MICE Sales and Marketing Manager,"Our client, a national hotel chain is seeking an experienced MICE Sales Manager to join their successful team for one of their **** properties. The hotel has approximately ****0 bedrooms and 8 conference rooms. You must live within commutable distance to Buckinghamshire, such as Berkshire, Hampshire, Oxfordshire, Hertfordshire or Middlesex. As MICE Sales and Marketing Manager you will be responsible for the proactive development of new business from the MICE corporate and leisure sectors. The MICE Sales and Marketing Manager will also develop existing accounts through the successful creation of the Sales and Marketing plan and Business Plans. As MICE Sales and Marketing Manager you will oversee the Meetings and Events team which consists of three people, and be responsible for their training and development. The MICE Sales and Marketing Manager will need to perform well under pressure and meet set targets for appointments and revenue generation. The MICE Sales and Marketing Manager role is a fantastic opportunity for an existing Sales Manager or Senior Sales Executive with people management skills. You will have previous experience in hotel sales, be flexible and friendly in your approach and able to offer support to others. This job was originally posted as www.caterer.com/JobSeeking/MICESalesandMarketingManager_job****",Buckinghamshire South East,Buckinghamshire,Chess Partnership,Hospitality & Catering Jobs,"30,000 per annum plus bonus and package",30000,caterer.com
27527047,C/C++ Developer,"A leading company that provides stock market analysis software for both the professional and private investor markets is currently in the hunt for a Junior and Senior C/C++ Software Developer. They have been working as one of the Best UK s Investment Software for the last six years and their development team is expanding to deliver exciting new products. Should you find the role interesting, kindly forward an updated CV elaborating your skills that match with the requirements along with a Cover Letter detailing why you are the right person for the role on offer Below are the job details of the said vacancy: You will be working mainly in an MS Windows environment but required to be flexible in technology with web development. You should have a good numerate Computer Science or AI Degree (at least 2:****) Strong software development and coding skills using C/C++, MFC and Visual Studio **** For the Senior Developer role it is desirable to have at least 2 years commercial C/C++ development experience. Other desirable skills Understanding of data compression techniques Interest in the financial markets and financial calculation Good working knowledge of GUI design, Windows development using MFC and Win**** HTTP, TCP/IP, sockets and network programming System administration skills would also be an advantage. If you think you have what it takes to be part of a dynamic and progressive company who values a flexible working environment, apply now",London,London,Indigo 21 Ltd,IT Jobs,25000 - 40000/annum,32500,cv-library.co.uk
27527050,Senior PHP Developer,"A skilled Senior PHP Developer is required by a leading provider of webbased services and clinical management software based in Central London. The role will involve working with a software architect to develop the company s core products and take over the lead development of these systems. Essential Requirements: Minimum of **** years experience in PHP Development Expertise in PHP **** and MySQL 5 Fluency in OOP Experience in Linux and Apache, Web services, multiserver platforms and cloud computing Experience in Windows/IIS PHP deployments, jQuery, Prototype and XML is desirable. If you are someone who d like to take on a new challenge, send your CV now","Central London, London",Central London,Indigo 21 Ltd,IT Jobs,40000 - 50000/annum,45000,cv-library.co.uk
27527063,Senior Website Designer,"SENIOR WEBSITE DESIGNER Location: York, East Yorkshire Type: Permanent Salary: up to ****K (DOE) One of UK s most renowned digital media company is looking to hire a Senior Website Designer to join their team of designers. The successful candidate will be responsible for designing ecommerce websites, developing client strategy with the creative director and in assisting in the development of design. Requirements: 3 years solid experience in ecommerce website design Knowledge in Information Architecture process Must have an understanding of MVT Adobe Suite knowledge also required Prior experience of working in an agency environment will be an advantage but not essential Don t miss this great and exciting opportunity to work for a leading digital media company. Send your CV now","York, North Yorkshire",York,Indigo 21 Ltd,IT Jobs,20000 - 30000/annum,25000,cv-library.co.uk
27527077,Business Development Manager,"The Company: Our client are a full service, creative driven, brand & digital communications agency based in Newcastle upon Tyne, specialising in on and offline brand communications and applications. Due to an ever increasing client portfolio and ambition to continue their growth, they are looking for a Business Development Manager. The Role: Reporting to the Managing Director, the Business Development Manager will be responsible for developing new design and digital business throughout the UK. Responsibilities include: Developing new business throughout the UK. Research and identify potential clients. Create and maintain good working relationships with key decision makers and influencers of potential clients. Make proactive outbound calls and emails to contact prospective clients. Maximise each sales opportunity. Attend industry events and networking events representing the company. Present to potential clients over the phone or face to face. The Individual: Will have a proven track record in business to business sales, ideally within a related field. Must be a good negotiator who can close a deal. Will have strong communication skills. Should have excellent time management and organisational skills. Ideally be self motivated individual who can motivate others. Must be commercially aware and financially motivated. Must possess good account management skills, be able to maintain relationships as well as develop them","Tyne Wear, North East",Newcastle Upon Tyne,Asset Appointments,IT Jobs,18000 - 24000/annum plus commission OTE 50-60k,21000,cv-library.co.uk
27739522,Welwyn Chef de Partie does it get any better than this? ****,"Welwyn Chef de Partie does it get any better than this? **** Rosettes, Mentioned in all major guides, Great National Press reviews and a fabulous team. My client is eager to find a talented Chef de Partie who can create exciting food using some of the best ingredients around. This Chef de Partie vacancy is about fine dining not the casual Rustic approach. Situated within easy driving distance of Welwyn this really is a superb opportunity for a Chef de Partie to flourish and excel. You will need to possess the ability to cope well under pressure, enjoy the buzz of a busy service and be a true team worker. Chef de Partie Details Country Setting Busy Operation Good Job Security Established Team Large Kitchen Team True Fresh Produce Mentioned in all the guides Modern Food Interested and ready to join a great establishment? Then please mail over your details or call me on the number below for a chat Consultant: Chris Wilson Ref: ****CW Chef de Partie Award Winning Nr Welwyn  / **** **** Want a quick job search without the hassle of registering then paste www.clearselection.co.uk/search.php to your web browser and enjoy the experience. We are always busy and are constantly receiving new instructions from a number of different client's nationwide, which makes it good for candidates and us. In the majority of cases we have visited the client's establishment and even spent work days with them and have a very enviable reputation for finding the best for the best. If you desire a professional, honest and calm approach with the reassurance that your application will be treated confidentially if requested, we look forward to working on your behalf. Our Consultants love their jobs and its always worth trying to contact them on their mobiles in the evenings or at weekends, if you are to busy during the day. Remember if they do not contact you within **** hours, unfortunately you have not been successful in your application for this position. Clear Selection Recruitment is part of the Clear Selection Group Est. **** This job was originally posted as www.caterer.com/JobSeeking/WelwynChefdePartiedoesitgetanybetterthanthis****_job****",Welwyn Garden City Hertfordshire South East,UK,Clear Selection,Hospitality & Catering Jobs,18000 per annum,18000,caterer.com
27739539,Chef de Partie Sauce Award Winning Hertford ****,"Chef de Partie Sauce Award Winning Hertford **** Ready to work in a TwoRosette Restaurant and assist our client the Head Chef in producing high quality fresh food. We are seeking to find a Chef de Partie for this multi award winning Restaurant situated within **** minutes drive of Hertford, Hertfordshire. We would envisage that you will already have similar experience as a Chef De Partie or maybe you are an ambitious Demi Chef de Partie looking for your next move. You will love the pressure of producing a high standard of food, know your ingredients and be very eager to progress. For this Chef De Partie role, my client is offering sensible hours including some straight shifts and the chance to work with lots of local ingredients. Maybe you are working in an establishment that is not as successful, maybe you are working in an unprofessional environment maybe its just time for a change. Interested in this Chef de Partie vacancy and ready to join a great establishment? Then please mail over your details or call me on the number below for a chat Consultant: Chris Wilson Ref: ****CW Chef de Partie Award Winning Hertford  / **** **** Want a quick job search without the hassle of registering then paste www.clearselection.co.uk/search.php to your web browser and enjoy the experience. We are always busy and are constantly receiving new instructions from a number of different client's nationwide, which makes it good for candidates and us. In the majority of cases we have visited the client's establishment and even spent work days with them and have a very enviable reputation for finding the best for the best. If you desire a professional, honest and calm approach with the reassurance that your application will be treated confidentially if requested, we look forward to working on your behalf. Our Consultants love their jobs and its always worth trying to contact them on their mobiles in the evenings or at weekends, if you are to busy during the day. Remember if they do not contact you within **** hours, unfortunately you have not been successful in your application for this position. Clear Selection Recruitment is part of the Clear Selection Group Est. **** This job was originally posted as www.caterer.com/JobSeeking/ChefdePartieSauceAwardWinningHertford****_job****",Hertfordshire South East,UK,Clear Selection,Hospitality & Catering Jobs,18000 per annum,18000,caterer.com
27740574,Pastry Chef AL**** ****AA Rosette Restaurant,"Pastry Chef De Partie AL**** **** ****AA Rosette My client is looking for a Pastry Chef De Partie to start straight away in their ****AA rosette restaurant in a **** star hotel. Working alongside another Pastry Chef it is not necessary to have rosette experience providing you have the natural talent and ability as well as eagerness to learn. Job Specs: Pastry Chef De Partie **** out of 7 days on **** consecutive days off **** hours a week **** early, **** late, **** doubles **** cover restaurant Breakfast shift at 8am Benefits: Up to****pa Tips Life insurance Healthcare Pension Staff uniform Meals on duty Live in available The Candidate: Pastry qualified (NVQs) Preferably Pastry Chef De Partie experience (or good demi) Eager to learn Hard working Living locally or able to relocate ASAP So if you are a Pastry Chef De Partie looking for a great position working alongside an amazing bunch of colleagues then email or just call **** **** for a quick chat. Consultant: Chris Wilson Ref: ****CW Pastry Chef Stevenage  / **** **** Want a quick job search without the hassle of registering then paste www.clearselection.co.uk/search.php to your web browser and enjoy the experience. We are always busy and are constantly receiving new instructions from a number of different client's nationwide, which makes it good for candidates and us. In the majority of cases we have visited the client's establishment and even spent work days with them and have a very enviable reputation for finding the best for the best. If you desire a professional, honest and calm approach with the reassurance that your application will be treated confidentially if requested, we look forward to working on your behalf. Our Consultants love their jobs and its always worth trying to contact them on their mobiles in the evenings or at weekends, if you are to busy during the day. Remember if they do not contact you within **** hours, unfortunately you have not been successful in your application for this position. Clear Selection Recruitment is part of the Clear Selection Group Est. **** This job was originally posted as www.caterer.com/JobSeeking/PastryChefAL****AARosetteRestaurant_job****",Stevenage Hertfordshire South East,UK,Clear Selection,Hospitality & Catering Jobs,19000 per annum + Tips,19000,caterer.com
27754996,QA Engineer,"An expanding software and consultancy services company based in Cambridge is in need of QA Engineers to join their team of QA Analysts and Developers. In this role, you will be working closely with the development team to review requirements and specifications, produce test plans and reports and initialise testing and profiling. Requirements: A Degree or post graduate qualification Commercial experience in Software Testing (Manual and Automated Testing) Experience of software applications for some or all of version control, defect tracking, test case management, test suite automation Experience in the following: o Commandline tools and scripting Experience in one or more of the following areas Text mining Grid computing Natural Language Processing Life Sciences Chemistry Web applications Web services Security Automated GUI testing Understanding of cross platform issues This is a great opportunity to expand your skills and be part of a rapidly growing organisation. Send in your CV now","Cambridge, Cambridgeshire",Cambridge,Indigo 21 Ltd,IT Jobs,20000 - 40000/annum,30000,cv-library.co.uk
28059808,Documentation Engineer,"Our client is looking for a Documentation Engineer/Technical Author. The preffered candidate will be practiced in interpreting engineering drawings and producing instructional documentation based on the information gained. Candidates must be proficient in Microsoft Office suite of applications predominantly Word. Looking for experience in the production of documentation in one or more of the following areas:  Operation and Maintenance Instructions  Recovery Instructions  Schedule of Recommended Spares  Commissioning Method Statements   System Performance Demonstrations  Training Materials Candidates must have good communications skills, being able to liaise with inhouse engineering design personnel and to interface with client representatives. CE hands on experience in a nuclear plant environment. Plant commissioning experience is a valuable asset. Security clearance to Basic Check (BC) I Revised Baseline Standard (RBS) level is advantageous",Greater Manchester,Manchester,Rullion Engineering Ltd,Engineering Jobs,25/hour,48000,cv-library.co.uk
28216382,Bilingual Customer Service Operator,"Are you fluent in English and another European language? Are you looking for an exciting opportunity to use your languages in a fastpaced Customer Service role? We are presenting the opportunity to work for a leading Global Conferencing provider; we are currently looking for bright and dynamic language speakers to join the busy multilingual European Customer Service team. Working within this busy and dynamic office, you will be dealing with business clients on a daily basis. You will be setting up and managing live teleconferences, from office meetings, court hearings to large business events. This is an office based role dealing with inbound/outbound calls and managing the automated conference service. Above all you will consistently provide excellent customer service to valuable clients, and be an outstanding representative for the company. This client is an upandcoming company, excellent to work for, who are stronger than ever during the current economic climate. The company offer a welcoming and supportive working environment as well as fantastic career progression opportunities and an excellent benefit package You must be fluent in English AND at least one of the following languages: German, French, Spanish, Italian, Portuguese, Dutch, Swedish, Finnish or Russian. You must also have: Customer Service experience (this can be retail, hospitality, receptionist, office, customer service, call centre). Experience dealing with business clients (B2B) would be preferable. Proven ability to use your own initiative and work well under pressure. Other important qualities are organisation, attention to detail, strong communication skills and reliability/punctuality. This is a fulltime permanent position based in Croydon, Surrey. Hours of work are Monday to Friday shifts between ****:30am ****:00pm, however flexibility is required to meet customer requirements and bank holiday working may be required. Bilingual, customer service, call centre, contact centre, events, event management, event coordinator, teleconferencing, teleconference, telecommunications, telecoms, languages, language skills","Croydon, Surrey",UK,Brite Recruitment,Customer Services Jobs,17000 - 19000/annum + Bonus,18000,cv-library.co.uk
28539205,Customer Event Coordinator (German speaking),"Are you fluent in English and German? Are you looking for an exciting opportunity to use your language skills in a fastpaced Customer Service role? We are presenting the opportunity to work for a leading Global Conferencing provider; we are currently looking for a bright and dynamic Germanspeaker to join the busy multilingual European Customer Service team. Working within this busy yet friendly office, you will be dealing with business clients on a daily basis. You will be setting up and managing live teleconferences, from office meetings, court hearings to large business events. This is an office based role dealing with inbound/outbound calls and managing the automated conference service. Above all you will consistently provide excellent customer service to valuable clients, and be an outstanding representative for the company. This client is a successful company, excellent to work for, who are stronger than ever during the current economic climate. The company offer a welcoming and supportive working environment as well as fantastic career progression opportunities and an excellent benefit package You must be fluent in German Customer Service experience (this can be retail, hospitality, receptionist, office, customer service, call centre). Experience dealing with business clients (B2B) would be preferable. Proven ability to use your own initiative and work well under pressure. Other important qualities are organisation, attention to detail, strong communication skills and reliability/punctuality. This is a fulltime permanent position based in Croydon, Surrey. Hours of work are Monday to Friday shifts between ****:30am ****:00pm. Bilingual, German, customer service, call centre, contact centre, events, event management, event coordinator, teleconferencing, teleconference, telecommunications, telecoms, languages, language skills","Croydon, Surrey",UK,Brite Recruitment,Customer Services Jobs,"17000 - 19500/annum 17,000 - 17,500 + 2k Bonus",18250,cv-library.co.uk
28821429,Senior Planner,"Senior Planning Engineer, Nuclear Experience Required, Primavera P**** Working half the time in Manchester and half the time at Sellafield","Irlam, Seascale, Cumbria",UK,Rullion Engineering Ltd,Engineering Jobs,35 - 45/hour,76800,cv-library.co.uk
29107908,Bilingual Reservationist (Customer Service),"Do you have experience in Customer Service? Do you speak another European language? If so we want to hear from you We are presenting the opportunity to work for a leading Communications company within their multilingual Customer Service team. Working within a busy and dynamic service centre, you will book and confirm Reservations by telephone, fax and email, and check booking details with the customer, giving them the appropriate information to ensure the service runs smoothly. This is an office based role dealing with inbound calls from business clients. Above all you will consistently provide excellent customer service to valuable clients, and be an outstanding representative for the company. This role presents the opportunity to use your language skills, as you would be liaising with international clients. Our client is an established and internationally successful company, who are excellent to work for, and stronger than ever during the current economic climate. The company offer thorough training, a welcoming and supportive working environment, as well as fantastic career progression opportunities and an excellent benefits package The right candidate must be committed, reliable and have an excellent telephone manner. You must be fluent in English and one of the following languages (French, German, Danish, Dutch, Swedish, Finnish, Italian or Spanish). Candidates with experience in telesales, callcentre, customer service, receptionist or travel are ideal for this role You must also demonstrate the ability to use your own initiative and work well under pressure. Working hours are MondayFriday, and flexibility to work shift patterns (including early starts) is a must. Basic salary is ****  ****  **** bonus  language supplement. This is a fulltime permanent position based in Gloucester",Gloucestershire,Gloucestershire,Brite Recruitment,Customer Services Jobs,14000 - 18000/annum,16000,cv-library.co.uk
29570321,Trampoline Coach  Bushey Grove Leisure Centre,"We are looking for a motivated, hard working, conscientious members of staff to work in accordance with our junior course programme coaching trampolining on a Saturday mornings ****:30am  ****:30pm term time. This individual will compliment our existing team. The post holder must hold as a minimum Level 1 in Trampolining (British Gymnastics) and have experience in working with children, be fun, outgoing and have excellent customer service skills and be able to instruct in line with the British Gymnastics syllabus. This post are exempt from the Rehabilitation of Offenders Act **** and will be conditional upon a satisfactory disclosure from the Criminal Records Bureau Hertsmere Leisure is an equal opportunities employer.Hertsmere Leisure promotes a positive attitude towards attendance at work.  following successful probation period","Bushey, Hertfordshire",Bushey,Hertsmere Leisure,Travel Jobs,*11.22 per hour (Level 2 Coach) *13.33 per hour (Club Coach),21542,leisurejobs.com
29570883,Self Employed Swimming Instructors,"Do you have a passion for Swimming? Can you motivate others to improve their skills? If the answer is yes and you have a ASA UKCC Level 2 or STA Full qualification, this could be the job for you Kirklees Active Leisure is looking to develop and grow our existing swimming instructor program for both children and adults and we are looking for enthusiastic individuals to join our team on a Self Employed Basis and become part of our KAL Swim Academy Programme across our sites. We are actively seeking individuals who can teach swimming including a wide range of disciplines including Coaching, Triathlon, Adult and Child, Disabilities, Synchro, Waterpolo, and Diving (information for CPD upskilling is available on a regular basis). You will stand out because of your motivational and fun style of teaching, passion for Swimming and your ability to inspire people, ensuring pupils enjoy your sessions week on week. You will be a vibrant presence in our facilities and willing to go that extra mile. To apply for this opportunity you will need to have proof of your qualification and public liability insurance. Most sessions are held on evenings and weekends and availability differs at each pool. For an informal discussion regarding this opportunity please contact the Aquatics Manager at your Kirklees Active Leisure local pool. An Enhanced Criminal Record Bureau (CRB) Disclosure is required for these posts, a conviction will not necessarily exclude a candidate but will be considered as part of the recruitment process.","Kirklees, West Yorkshire",UK,Kirklees Active Leisure,Travel Jobs,12.91 to 13.94 per hour,25776,leisurejobs.com
29570885,Self Employed Sport Coaches,"Do you have a passion for Sport? Can you motivate others to improve their skills? Do you have a valid Level 1 or Level 2 National Governing Body Qualification? Kirklees Active Leisure (KAL) is looking to develop and grow our existing sport coaching programme for both adults and young people and we are looking for enthusiastic individuals to join our teams on a Self Employed basis and become part of our Sport Coaching Programmes across our sites. We are actively seeking individuals who can coach a wide range of sports including Gymnstics, Trampolining, Netball, Football and Climbing. You will stand out because of your motivational style of Coaching, passion for Sport and your ability to inspire people, ensuring individuals return to your session week on week. You will be a vibrant presence in our facilities and will be willing to go that extra mile for our customers. To apply for this opportunity you will need to have proof of your qualification and public liability insurance. Various hourly sessions are held throughout the week including evenings and weekends and availability differs at each Centre. For an informal discussion regarding this opportunity please contact the Sports Activity Manager at your Kirklees Active Leisure Centre. Details of all our Centre's are shown on www.kirkleesactive.co.uk . An Enhanced Criminal Record Bureau (CRB) Disclosure is required for these posts, a conviction will not necessarily exclude a candidate but will be considered as part of the recruitment process.","Kirklees, West Yorkshire",UK,Kirklees Active Leisure,Travel Jobs,8.84 to 12.91 per hour,20880,leisurejobs.com
29571472,"Bar/Waiting Staff  The Cricketers, Sarratt","We are looking for outgoing, friendly people to join our crew. Previous experience is always helpful but not essential, as long as you enjoy looking after people and are able to work evenings and weekends, we would like to hear from you. We are very flexible and try to work around people's commitmentshowever you run your life we're sure you'll enjoy working for us.","Sarratt, Hertfordshire",Sarratt,Brunning & Price,Travel Jobs,6.08 per hour,11673,leisurejobs.com
29571506,"Deputy Manager  Nevill Crest and Gun, Eridge Green","We are looking for an experienced Deputy Manager with a big front of house character and good knowledge of food, wine and beer to help run the pub alongside the Manager. You will frequently work opposite shifts to the manager, and run the pub in the manager's absence, so the skill sets needed are broadly the same. You won't carry the full weight of responsibility for the wellbeing of the business, but you will be the manager's righthand person, and will be a senior member of the management team, making decisions and directing things on a daily basis. You'll need to understand and love pubs, take real pleasure in making people happy and play a full role in keeping the business profitable, the crew happy and the customers coming back for more. Being a deputy manager is an ideal opportunity to gain knowledge and experience of every aspect of pub life. We see our deputy managers as our managers of the future, and try to promote from within whenever we can. Our rate of growth means that there are exciting opportunities springing up all the time, and you will be able to develop your career at a pace that is appropriate to you. Contact: Please send your CV with a covering letter telling us what makes you tick Please take some time to look through our website http://www.brunningandprice.co.uk/ and ensure that you include a covering letter when at the final stage of your application.","Eridge Green, East Sussex",UK,Brunning & Price,Travel Jobs,"Salary package around 24,000",24000,leisurejobs.com
29571632,"Bar/Waiting Staff  The Refectory, Godalming","We are looking for outgoing, friendly people to join our crew. Previous experience is always helpful but not essential, as long as you enjoy looking after people and are able to work evenings and weekends, we would like to hear from you. We are very flexible and try to work around people's commitmentshowever you run your life we're sure you'll enjoy working for us. Contact: If you think you have got what it takes please send your CV along with a cover letter telling us about yourself","Milford, Surrey",Milford,Brunning & Price,Travel Jobs,6.08 per hour,11673,leisurejobs.com
29650985,Fine Dining Chefs for rosette restaurants  up to ****,"Fine Dining Chefs for rosette restaurants  up to ****  benefits At Clear Selection, we only deal with clients that are worth working for. Right now is the perfect time to find that out for yourself I have clients across the UK looking for chefs with experience in fine dining  particularly restaurants awarded with rosettes. Across the board, the roles range from Chef De Parties to Conference and Banqueting Sous Chefs. If you are a Chef De Partie, maybe you only have **** AA Rosette experience. Do you want to have experience in a **** AA Rosette restaurant? Then call me today. Maybe you are a Junior Sous Chef with past experience in a restaurant with one or two more rosettes? Call me today. Maybe you haven't worked in a Rosette restaurant, but feel that is the next step? Call me today. Whatever your level in the kitchen, be it Commis Chef or Executive Head Chef, then I undoubtedly have a role that is perfectly suited to your ability and preference. All you have to do is email your CV and call me on **** **** to express your interest. No signing up, just a quick chat about what is available and leave the rest to me. Consultant: Chris Wilson Ref: ****CW Fine Dining Chef Positions  / **** **** Want a quick job search without the hassle of registering then paste www.clearselection.co.uk/search.php to your web browser and enjoy the experience. We are always busy and are constantly receiving new instructions from a number of different client's nationwide, which makes it good for candidates and us. In the majority of cases we have visited the client's establishment and even spent work days with them and have a very enviable reputation for finding the best for the best. If you desire a professional, honest and calm approach with the reassurance that your application will be treated confidentially if requested, we look forward to working on your behalf. Our Consultants love their jobs and its always worth trying to contact them on their mobiles in the evenings or at weekends, if you are to busy during the day. Remember if they do not contact you within **** hours, unfortunately you have not been successful in your application for this position. Clear Selection Recruitment is part of the Clear Selection Group Est. **** This job was originally posted as www.caterer.com/JobSeeking/FineDiningChefsforrosetterestaurantsupto****_job****",UK,UK,Clear Selection,Hospitality & Catering Jobs,24000 per annum + Benefits+tips,24000,caterer.com
